{"_step":1707,"val/other_confidence":0,"val/pred_dist_position_3_D_pct":17.687074829931973,"val/self_conf_label_1_pct":5.442176870748299,"val/pred_dist_letter_B_pct":24.489795918367346,"val/pred_dist_position_1_B_pct":24.489795918367346,"val/pred_dist_position_2_C_pct":21.08843537414966,"_wandb":{"runtime":407},"val/correct_dist_letter_B_pct":22.448979591836736,"val/calibration_corr_spearman":0.402818146889107,"val/self_frozen_corr_pearson":0.8480316076975554,"val/other_conf_label_6_pct":0,"val/std_other_confidence":0,"step":1693,"val/self_live_corr_pearson":0.8480316076975554,"val/self_conf_bin_0_0_10pct_pct":5.442176870748299,"train/self_live_corr_spearman":0.7999999999999999,"val/self_conf_label_10_pct":5.442176870748299,"val/other_conf_label_8_pct":0,"val/pred_dist_letter_A_pct":36.734693877551024,"val/self_conf_label_2_pct":12.244897959183673,"val/pred_dist_letter_C_pct":21.08843537414966,"val/loss":2.0354004457694335,"val/other_conf_bin_0_0_10pct_pct":0,"val/self_conf_bin_9_90_100pct_pct":5.442176870748299,"val/self_live_corr_spearman":0.8447364767512002,"val/std_entropy":0.38686642235916086,"val/other_live_corr_pearson":0,"val/other_conf_label_7_pct":0,"val/self_conf_label_8_pct":10.204081632653061,"val/other_conf_label_3_pct":0,"val/other_conf_bin_7_70_80pct_pct":0,"val/std_confidence":0.22584835008539283,"val/other_conf_bin_2_20_30pct_pct":0,"val/self_conf_label_5_pct":12.925170068027212,"train/loss":1.360018014907837,"val/self_conf_label_7_pct":11.564625850340136,"val/self_conf_bin_7_70_80pct_pct":10.204081632653061,"val/confidence":0.48935101845232,"val/self_frozen_corr_spearman":0.8447364767512002,"val/correct_dist_position_3_D_pct":23.809523809523807,"val/other_conf_label_5_pct":0,"val/correct_dist_letter_D_pct":23.809523809523807,"train/grad_norm":28.93977928161621,"val/other_conf_bin_1_10_20pct_pct":0,"val/self_conf_label_6_pct":17.687074829931973,"val/correct_dist_position_1_B_pct":22.448979591836736,"val/self_conf_label_4_pct":11.564625850340136,"val/self_conf_bin_1_10_20pct_pct":12.244897959183673,"val/self_conf_bin_6_60_70pct_pct":11.564625850340136,"val/accuracy":0.46938775510204084,"val/n_samples":147,"val/std_prerecorded_entropy":0.38686642235916086,"val/other_conf_bin_8_80_90pct_pct":0,"val/other_frozen_corr_pearson":0,"val/correct_dist_letter_C_pct":24.489795918367346,"val/self_conf_bin_3_30_40pct_pct":11.564625850340136,"val/correct_dist_position_2_C_pct":24.489795918367346,"val/entropy":0.6933747210884353,"val/other_conf_label_4_pct":0,"val/other_conf_bin_6_60_70pct_pct":0,"_runtime":407,"val/self_conf_bin_5_50_60pct_pct":17.687074829931973,"val/other_conf_label_9_pct":0,"val/self_conf_label_3_pct":9.523809523809524,"val/correct_dist_position_0_A_pct":29.25170068027211,"val/pred_dist_letter_D_pct":17.687074829931973,"val/prerecorded_entropy":0.6933747210884353,"_timestamp":1.777846477397829e+09,"val/calibration_corr_pearson":0.4061615978249327,"val/other_conf_bin_5_50_60pct_pct":0,"val/self_conf_bin_4_40_50pct_pct":12.925170068027212,"val/other_conf_label_10_pct":0,"val/other_conf_label_1_pct":0,"val/self_conf_label_9_pct":3.4013605442176873,"val/other_conf_bin_3_30_40pct_pct":0,"val/self_conf_bin_8_80_90pct_pct":3.4013605442176873,"val/other_conf_bin_9_90_100pct_pct":0,"val/self_conf_bin_2_20_30pct_pct":9.523809523809524,"val/other_conf_label_2_pct":0,"train/batch_n":4,"val/other_live_corr_spearman":0,"val/correct_dist_letter_A_pct":29.25170068027211,"val/other_conf_bin_4_40_50pct_pct":0,"val/pred_dist_position_0_A_pct":36.734693877551024,"val/other_frozen_corr_spearman":0,"train/self_live_corr_pearson":0.9838526248931885}