{"val/other_conf_bin_6_60_70pct_pct":0,"val/self_conf_bin_6_60_70pct_pct":5.442176870748299,"val/confidence":0.5367372063349705,"val/other_conf_label_6_pct":0,"val/correct_dist_position_2_C_pct":24.489795918367346,"val/entropy_bin/med/target_confidence":0.4885470895650802,"val/entropy_bin/low/n":49,"val/pred_dist_letter_D_pct":17.687074829931973,"val/entropy_bin/min_spearman_across_bins":0.34042553235801665,"val/self_live_corr_pearson":0.8323621442984217,"val/self_conf_label_1_pct":4.761904761904762,"val/pred_dist_letter_A_pct":36.734693877551024,"val/correct_dist_letter_B_pct":22.448979591836736,"val/calibration_corr_pearson":0.40748429521014734,"val/n_samples":147,"val/other_confidence":0,"val/self_conf_label_4_pct":10.204081632653061,"val/entropy_bin/med/signed_error":0.05428104608347202,"val/entropy_bin/mean_abs_error_across_bins":0.12007767384918362,"val/pred_dist_position_1_B_pct":24.489795918367346,"val/self_live_corr_spearman":0.8293698354907942,"val/entropy_bin/med/n":49,"val/correct_dist_position_3_D_pct":23.809523809523807,"val/entropy_bin/low/signed_error":-0.049024077926935035,"val/entropy_bin/low/abs_error":0.08565224198958821,"val/other_conf_label_2_pct":0,"val/entropy_bin/med/abs_error":0.1316827122850641,"val/prerecorded_entropy":0.6933747210884353,"val/other_conf_bin_4_40_50pct_pct":0,"val/accuracy":0.46938775510204084,"val/other_conf_bin_9_90_100pct_pct":0,"val/entropy_bin/high/pearson_neg_entropy_conf":0.41547091250330825,"val/loss":2.3211000742150003,"val/other_conf_label_8_pct":0,"val/self_frozen_corr_pearson":0.8323621442984217,"val/correct_dist_position_1_B_pct":22.448979591836736,"val/self_frozen_corr_spearman":0.8293698354907942,"val/correct_dist_letter_A_pct":29.25170068027211,"val/entropy_bin/low/pearson_neg_entropy_conf":0.6365054327867523,"val/correct_dist_letter_C_pct":24.489795918367346,"train/batch_n":4,"val/self_conf_bin_1_10_20pct_pct":9.523809523809524,"val/other_conf_label_4_pct":0,"val/pred_dist_position_2_C_pct":21.08843537414966,"val/self_conf_bin_4_40_50pct_pct":11.564625850340136,"val/entropy_bin/med/pearson_neg_entropy_conf":0.3423727563086271,"val/other_conf_bin_1_10_20pct_pct":0,"val/self_conf_label_9_pct":12.244897959183673,"val/entropy_bin/high/n":49,"val/entropy_bin/med/accuracy":0.42857142857142855,"val/entropy_bin/high/spearman_neg_entropy_conf":0.411919280743176,"val/entropy_bin/max_abs_error_across_bins":0.1428980672728986,"val/other_conf_label_9_pct":0,"val/entropy_bin/low/spearman_neg_entropy_conf":0.6522448979591836,"val/entropy_bin/high/rmse":0.19537024344328927,"val/self_conf_label_6_pct":12.925170068027212,"val/other_frozen_corr_pearson":0,"train/self_live_corr_pearson":0.970780611038208,"val/entropy_bin/med/rmse":0.1641654259201068,"_timestamp":1.7778487912273614e+09,"val/other_conf_bin_8_80_90pct_pct":0,"val/entropy_bin/high/signed_error":0.10544705823645514,"val/other_conf_label_5_pct":0,"val/other_conf_bin_0_0_10pct_pct":0,"val/calibration_corr_spearman":0.4150247574008981,"_wandb":{"runtime":390},"train/grad_norm":41.98354721069336,"val/correct_dist_letter_D_pct":23.809523809523807,"val/other_conf_bin_2_20_30pct_pct":0,"val/entropy_bin/med/stated_confidence":0.5428281356485523,"train/self_live_corr_spearman":0.7999999999999999,"val/other_conf_bin_3_30_40pct_pct":0,"val/entropy_bin/high/target_confidence":0.18429329011235704,"train/loss":1.3646008968353271,"val/other_live_corr_pearson":0,"val/self_conf_bin_8_80_90pct_pct":12.244897959183673,"val/std_entropy":0.38686642235916086,"val/other_conf_bin_7_70_80pct_pct":0,"val/self_conf_label_8_pct":17.006802721088434,"val/other_conf_label_1_pct":0,"val/entropy":0.6933747210884353,"_runtime":390,"val/entropy_bin/low/rmse":0.10943126942948979,"val/pred_dist_letter_C_pct":21.08843537414966,"val/self_conf_label_5_pct":11.564625850340136,"val/correct_dist_position_0_A_pct":29.25170068027211,"val/entropy_bin/high/accuracy":0.2857142857142857,"val/entropy_bin/low/stated_confidence":0.7776431350075469,"val/entropy_bin/high/abs_error":0.1428980672728986,"val/self_conf_bin_5_50_60pct_pct":12.925170068027212,"val/std_confidence":0.25264970247498425,"val/self_conf_bin_2_20_30pct_pct":9.523809523809524,"val/other_conf_bin_5_50_60pct_pct":0,"val/self_conf_bin_7_70_80pct_pct":17.006802721088434,"val/entropy_bin/med/spearman_neg_entropy_conf":0.34042553235801665,"val/self_conf_label_3_pct":9.523809523809524,"_step":1743,"val/other_live_corr_spearman":0,"val/self_conf_label_10_pct":6.802721088435375,"val/self_conf_label_7_pct":5.442176870748299,"val/other_frozen_corr_spearman":0,"val/pred_dist_position_0_A_pct":36.734693877551024,"val/entropy_bin/low/target_confidence":0.826667212934482,"val/pred_dist_letter_B_pct":24.489795918367346,"val/other_conf_label_7_pct":0,"val/other_conf_label_3_pct":0,"val/pred_dist_position_3_D_pct":17.687074829931973,"val/self_conf_bin_0_0_10pct_pct":4.761904761904762,"val/self_conf_bin_3_30_40pct_pct":10.204081632653061,"val/std_other_confidence":0,"val/entropy_bin/low/accuracy":0.6938775510204082,"val/entropy_bin/high/stated_confidence":0.2897403483488122,"val/std_prerecorded_entropy":0.38686642235916086,"val/self_conf_bin_9_90_100pct_pct":6.802721088435375,"step":1728,"val/self_conf_label_2_pct":9.523809523809524,"val/other_conf_label_10_pct":0}