{"val/other_conf_label_1_pct":0,"val/self_conf_label_5_pct":10.884353741496598,"val/pred_dist_letter_B_pct":24.489795918367346,"val/self_conf_label_7_pct":17.687074829931973,"val/self_conf_bin_0_0_10pct_pct":3.4013605442176873,"_step":3026,"val/other_live_corr_spearman":0,"val/self_conf_bin_4_40_50pct_pct":10.884353741496598,"val/self_conf_label_4_pct":10.204081632653061,"_timestamp":1.777845017758453e+09,"val/other_conf_label_3_pct":0,"val/other_conf_bin_0_0_10pct_pct":0,"val/other_conf_label_9_pct":0,"val/pred_dist_position_2_C_pct":21.08843537414966,"val/other_conf_bin_6_60_70pct_pct":0,"val/self_live_corr_pearson":0.823727258595361,"val/other_live_corr_pearson":0,"train/self_live_corr_spearman":1,"val/self_conf_label_1_pct":3.4013605442176873,"train/batch_n":4,"val/pred_dist_position_0_A_pct":36.734693877551024,"val/self_live_corr_spearman":0.8218253529838414,"val/loss":2.283075899899411,"val/self_conf_label_2_pct":11.564625850340136,"val/std_prerecorded_entropy":0.38686642235916086,"val/self_frozen_corr_spearman":0.8218253529838414,"val/correct_dist_letter_A_pct":29.25170068027211,"val/self_conf_bin_9_90_100pct_pct":6.122448979591836,"val/other_conf_bin_3_30_40pct_pct":0,"val/pred_dist_position_1_B_pct":24.489795918367346,"val/other_conf_bin_7_70_80pct_pct":0,"val/self_conf_bin_2_20_30pct_pct":10.204081632653061,"val/other_conf_bin_4_40_50pct_pct":0,"val/correct_dist_letter_D_pct":23.809523809523807,"train/loss":1.2580554485321045,"train/grad_norm":88.21830749511719,"val/other_conf_bin_1_10_20pct_pct":0,"val/std_entropy":0.38686642235916086,"val/self_conf_bin_1_10_20pct_pct":11.564625850340136,"val/correct_dist_position_0_A_pct":29.25170068027211,"val/self_conf_label_3_pct":10.204081632653061,"val/correct_dist_position_1_B_pct":22.448979591836736,"val/entropy":0.6933747210884353,"val/pred_dist_letter_A_pct":36.734693877551024,"_wandb":{"runtime":551},"val/self_conf_label_8_pct":10.204081632653061,"train/self_live_corr_pearson":0.9875180721282959,"val/self_conf_label_9_pct":10.204081632653061,"val/other_conf_label_5_pct":0,"val/other_confidence":0,"val/other_conf_bin_5_50_60pct_pct":0,"val/std_other_confidence":0,"val/pred_dist_letter_C_pct":21.08843537414966,"val/other_conf_bin_8_80_90pct_pct":0,"val/prerecorded_entropy":0.6933747210884353,"val/pred_dist_letter_D_pct":17.687074829931973,"val/std_confidence":0.24010066051197868,"val/other_conf_label_4_pct":0,"val/confidence":0.5289178682225091,"val/self_conf_bin_8_80_90pct_pct":10.204081632653061,"val/other_conf_label_2_pct":0,"val/other_conf_bin_9_90_100pct_pct":0,"val/other_conf_label_6_pct":0,"val/n_samples":147,"val/other_conf_bin_2_20_30pct_pct":0,"val/pred_dist_position_3_D_pct":17.687074829931973,"val/other_conf_label_8_pct":0,"val/correct_dist_letter_C_pct":24.489795918367346,"_runtime":551,"val/calibration_corr_spearman":0.3947874820787181,"val/self_conf_bin_6_60_70pct_pct":17.687074829931973,"val/correct_dist_letter_B_pct":22.448979591836736,"val/self_conf_bin_7_70_80pct_pct":10.204081632653061,"val/self_conf_label_10_pct":6.122448979591836,"val/self_conf_label_6_pct":9.523809523809524,"val/self_conf_bin_3_30_40pct_pct":10.204081632653061,"val/other_frozen_corr_pearson":0,"val/other_conf_label_10_pct":0,"val/other_frozen_corr_spearman":0,"val/self_conf_bin_5_50_60pct_pct":9.523809523809524,"step":3000,"val/other_conf_label_7_pct":0,"val/correct_dist_position_3_D_pct":23.809523809523807,"val/correct_dist_position_2_C_pct":24.489795918367346,"val/accuracy":0.46938775510204084,"val/self_frozen_corr_pearson":0.823727258595361,"val/calibration_corr_pearson":0.39585055142765574}