{"val/other_live_corr_spearman":0,"val/correct_dist_letter_A_pct":29.25170068027211,"val/confidence":0.5149921753069981,"val/entropy_bin/low/stated_confidence":0.7547748733539971,"val/entropy_bin/low/signed_error":-0.07189233958048485,"_runtime":441,"val/correct_dist_position_1_B_pct":22.448979591836736,"val/self_conf_label_1_pct":2.7210884353741496,"val/entropy_bin/high/abs_error":0.1281766626220283,"step":2024,"val/entropy_bin/max_abs_error_across_bins":0.1281766626220283,"val/entropy_bin/high/stated_confidence":0.274372756329118,"val/other_conf_bin_5_50_60pct_pct":0,"val/self_live_corr_spearman":0.8417519293398368,"val/other_conf_bin_2_20_30pct_pct":0,"val/entropy":0.6933747210884353,"val/self_conf_label_7_pct":10.884353741496598,"val/std_confidence":0.24823479889708236,"val/other_live_corr_pearson":0,"val/self_conf_bin_4_40_50pct_pct":8.16326530612245,"_step":2042,"val/correct_dist_letter_C_pct":24.489795918367346,"val/entropy_bin/high/signed_error":0.09007946621676097,"val/self_conf_bin_5_50_60pct_pct":16.3265306122449,"val/pred_dist_position_1_B_pct":24.489795918367346,"val/n_samples":147,"val/entropy_bin/low/rmse":0.12868033465868323,"val/entropy_bin/med/abs_error":0.11468585783819892,"val/entropy_bin/high/n":49,"val/prerecorded_entropy":0.6933747210884353,"val/calibration_corr_pearson":0.4115994562328216,"val/loss":2.279236657887089,"val/pred_dist_letter_B_pct":24.489795918367346,"val/entropy_bin/med/stated_confidence":0.5158288962378794,"val/correct_dist_position_2_C_pct":24.489795918367346,"val/other_conf_label_9_pct":0,"val/entropy_bin/high/accuracy":0.2857142857142857,"val/self_live_corr_pearson":0.8401935222093218,"val/pred_dist_position_3_D_pct":17.687074829931973,"val/other_conf_label_5_pct":0,"val/entropy_bin/low/spearman_neg_entropy_conf":0.6403061224489796,"val/accuracy":0.46938775510204084,"val/pred_dist_letter_C_pct":21.08843537414966,"val/other_conf_label_6_pct":0,"val/self_conf_bin_0_0_10pct_pct":2.7210884353741496,"val/entropy_bin/low/pearson_neg_entropy_conf":0.6281841498925523,"val/std_prerecorded_entropy":0.38686642235916086,"_timestamp":1.7778470535406048e+09,"val/correct_dist_position_0_A_pct":29.25170068027211,"val/other_conf_bin_4_40_50pct_pct":0,"train/self_live_corr_spearman":1,"val/calibration_corr_spearman":0.4102063585146648,"val/self_frozen_corr_pearson":0.8401935222093218,"val/other_conf_bin_8_80_90pct_pct":0,"val/self_conf_bin_6_60_70pct_pct":10.884353741496598,"val/self_conf_label_2_pct":14.285714285714285,"val/entropy_bin/min_spearman_across_bins":0.40165314609147285,"train/grad_norm":30.682762145996094,"val/self_conf_bin_2_20_30pct_pct":9.523809523809524,"val/other_conf_bin_9_90_100pct_pct":0,"val/correct_dist_letter_B_pct":22.448979591836736,"val/self_conf_label_9_pct":7.482993197278912,"val/self_frozen_corr_spearman":0.8417519293398368,"val/self_conf_label_8_pct":12.925170068027212,"val/std_entropy":0.38686642235916086,"train/self_live_corr_pearson":0.9977111220359802,"val/entropy_bin/med/spearman_neg_entropy_conf":0.40165314609147285,"val/entropy_bin/low/accuracy":0.6938775510204082,"val/other_conf_bin_7_70_80pct_pct":0,"val/entropy_bin/low/target_confidence":0.826667212934482,"val/pred_dist_letter_A_pct":36.734693877551024,"val/self_conf_bin_1_10_20pct_pct":14.285714285714285,"val/other_frozen_corr_pearson":0,"val/correct_dist_position_3_D_pct":23.809523809523807,"val/self_conf_label_10_pct":6.802721088435375,"val/pred_dist_position_0_A_pct":36.734693877551024,"val/self_conf_label_6_pct":16.3265306122449,"val/entropy_bin/mean_abs_error_across_bins":0.11455505617782491,"_wandb":{"runtime":441},"val/other_frozen_corr_spearman":0,"val/self_conf_bin_7_70_80pct_pct":12.925170068027212,"val/correct_dist_letter_D_pct":23.809523809523807,"val/self_conf_bin_9_90_100pct_pct":6.802721088435375,"val/other_conf_label_4_pct":0,"val/pred_dist_letter_D_pct":17.687074829931973,"train/loss":0.9091911911964417,"val/other_conf_label_1_pct":0,"val/self_conf_bin_8_80_90pct_pct":7.482993197278912,"val/entropy_bin/low/n":49,"val/entropy_bin/med/signed_error":0.02728180667279915,"val/std_other_confidence":0,"val/entropy_bin/med/rmse":0.1434282292615842,"val/entropy_bin/high/target_confidence":0.18429329011235704,"val/other_conf_label_2_pct":0,"val/entropy_bin/high/pearson_neg_entropy_conf":0.4080976462003276,"val/self_conf_label_4_pct":10.884353741496598,"val/self_conf_label_5_pct":8.16326530612245,"val/other_conf_bin_6_60_70pct_pct":0,"val/self_conf_label_3_pct":9.523809523809524,"val/entropy_bin/low/abs_error":0.10080264807324754,"val/entropy_bin/high/rmse":0.18119790030898378,"val/other_conf_label_10_pct":0,"val/other_conf_label_8_pct":0,"val/other_conf_bin_3_30_40pct_pct":0,"val/entropy_bin/med/target_confidence":0.4885470895650802,"val/entropy_bin/med/n":49,"val/other_conf_label_7_pct":0,"train/batch_n":4,"val/entropy_bin/med/accuracy":0.42857142857142855,"val/pred_dist_position_2_C_pct":21.08843537414966,"val/other_conf_bin_1_10_20pct_pct":0,"val/other_confidence":0,"val/other_conf_bin_0_0_10pct_pct":0,"val/entropy_bin/high/spearman_neg_entropy_conf":0.40441870669768526,"val/entropy_bin/med/pearson_neg_entropy_conf":0.40758410520685195,"val/other_conf_label_3_pct":0,"val/self_conf_bin_3_30_40pct_pct":10.884353741496598}