{"val/correct_dist_letter_B_pct":22.448979591836736,"val/other_conf_bin_6_60_70pct_pct":0,"val/entropy_bin/high/abs_error":0.1252376982729563,"val/std_entropy":0.38686642235916086,"val/entropy_bin/med/signed_error":0.019252489303532717,"val/self_conf_label_10_pct":9.523809523809524,"val/other_conf_label_6_pct":0,"val/other_conf_bin_9_90_100pct_pct":0,"val/self_conf_label_2_pct":12.925170068027212,"val/entropy_bin/min_spearman_across_bins":0.33895451281765365,"val/self_conf_label_7_pct":10.204081632653061,"val/entropy_bin/high/rmse":0.18388101152580652,"val/correct_dist_position_2_C_pct":24.489795918367346,"val/entropy_bin/med/n":49,"val/entropy_bin/med/pearson_neg_entropy_conf":0.3445577532822119,"val/other_conf_label_1_pct":0,"val/self_conf_label_6_pct":17.006802721088434,"train/grad_norm":10.572153091430664,"val/n_samples":147,"val/other_conf_bin_8_80_90pct_pct":0,"val/entropy":0.6933747210884353,"val/pred_dist_letter_A_pct":36.734693877551024,"val/other_conf_label_3_pct":0,"val/other_conf_label_9_pct":0,"val/correct_dist_position_1_B_pct":22.448979591836736,"_step":5042,"val/other_conf_label_7_pct":0,"val/pred_dist_position_2_C_pct":21.08843537414966,"val/self_live_corr_spearman":0.8169442956984218,"val/pred_dist_letter_B_pct":24.489795918367346,"val/other_confidence":0,"val/entropy_bin/high/spearman_neg_entropy_conf":0.33895451281765365,"val/entropy_bin/med/stated_confidence":0.5077995788686129,"val/other_conf_label_4_pct":0,"val/self_conf_bin_4_40_50pct_pct":6.122448979591836,"val/self_conf_bin_2_20_30pct_pct":5.442176870748299,"val/self_conf_bin_1_10_20pct_pct":12.925170068027212,"train/self_live_corr_pearson":0.9966740608215332,"val/self_conf_bin_5_50_60pct_pct":17.006802721088434,"val/entropy_bin/max_abs_error_across_bins":0.1308078403619645,"val/entropy_bin/mean_abs_error_across_bins":0.12212227996270013,"val/entropy_bin/high/signed_error":0.07732366123647322,"val/loss":1.997652991693847,"val/other_conf_bin_2_20_30pct_pct":0,"val/other_conf_bin_0_0_10pct_pct":0,"val/self_conf_bin_0_0_10pct_pct":10.884353741496598,"val/entropy_bin/med/target_confidence":0.4885470895650802,"val/pred_dist_letter_C_pct":21.08843537414966,"val/correct_dist_position_3_D_pct":23.809523809523807,"val/other_conf_label_2_pct":0,"val/other_conf_bin_5_50_60pct_pct":0,"val/correct_dist_position_0_A_pct":29.25170068027211,"val/entropy_bin/high/stated_confidence":0.26161695134883023,"val/self_conf_bin_8_80_90pct_pct":8.16326530612245,"val/correct_dist_letter_A_pct":29.25170068027211,"val/correct_dist_letter_D_pct":23.809523809523807,"val/pred_dist_letter_D_pct":17.687074829931973,"val/calibration_corr_spearman":0.40217569370427597,"val/accuracy":0.46938775510204084,"val/self_frozen_corr_spearman":0.8169442956984218,"val/prerecorded_entropy":0.6933747210884353,"val/self_conf_label_5_pct":6.122448979591836,"val/entropy_bin/low/rmse":0.13263459957321522,"val/other_conf_bin_1_10_20pct_pct":0,"val/entropy_bin/high/target_confidence":0.18429329011235704,"val/entropy_bin/low/pearson_neg_entropy_conf":0.6222489175759865,"val/pred_dist_position_3_D_pct":17.687074829931973,"val/other_conf_label_8_pct":0,"val/other_frozen_corr_pearson":0,"train/batch_n":4,"train/self_live_corr_spearman":1,"_runtime":946,"val/entropy_bin/low/signed_error":-0.0822012086114957,"val/other_frozen_corr_spearman":0,"val/self_conf_label_9_pct":8.16326530612245,"step":5000,"val/pred_dist_position_0_A_pct":36.734693877551024,"val/self_conf_bin_6_60_70pct_pct":10.204081632653061,"val/other_conf_bin_7_70_80pct_pct":0,"val/std_other_confidence":0,"val/self_conf_bin_9_90_100pct_pct":9.523809523809524,"val/other_live_corr_spearman":0,"val/entropy_bin/low/accuracy":0.6938775510204082,"val/entropy_bin/low/spearman_neg_entropy_conf":0.5743877551020408,"val/entropy_bin/high/accuracy":0.2857142857142857,"val/entropy_bin/med/abs_error":0.1308078403619645,"val/std_prerecorded_entropy":0.38686642235916086,"val/std_confidence":0.25247441406198357,"val/calibration_corr_pearson":0.40167363064269074,"val/pred_dist_position_1_B_pct":24.489795918367346,"val/self_frozen_corr_pearson":0.8224356515441075,"val/entropy_bin/low/stated_confidence":0.7444660043229863,"val/self_conf_label_8_pct":7.482993197278912,"val/entropy_bin/med/accuracy":0.42857142857142855,"val/self_live_corr_pearson":0.8224356515441075,"val/other_live_corr_pearson":0,"val/entropy_bin/low/abs_error":0.11032130125317953,"val/self_conf_label_4_pct":12.244897959183673,"val/entropy_bin/med/spearman_neg_entropy_conf":0.3399663252550157,"val/correct_dist_letter_C_pct":24.489795918367346,"val/entropy_bin/med/rmse":0.16077816065109257,"train/loss":0.9903416633605957,"val/self_conf_bin_3_30_40pct_pct":12.244897959183673,"val/confidence":0.5046275115134765,"val/other_conf_bin_4_40_50pct_pct":0,"val/entropy_bin/low/target_confidence":0.826667212934482,"val/entropy_bin/high/pearson_neg_entropy_conf":0.3456449057609424,"val/self_conf_bin_7_70_80pct_pct":7.482993197278912,"_wandb":{"runtime":946},"val/self_conf_label_3_pct":5.442176870748299,"val/entropy_bin/low/n":49,"_timestamp":1.7778591487445374e+09,"val/self_conf_label_1_pct":10.884353741496598,"val/other_conf_label_5_pct":0,"val/other_conf_bin_3_30_40pct_pct":0,"val/other_conf_label_10_pct":0,"val/entropy_bin/high/n":49}