{"val/entropy_bin/high/spearman_neg_entropy_conf":0.3999795914462723,"val/pred_dist_position_0_A_pct":36.734693877551024,"val/other_conf_label_6_pct":0,"val/correct_dist_position_0_A_pct":29.25170068027211,"val/entropy_bin/high/signed_error":0.09843929529467622,"val/correct_dist_letter_B_pct":22.448979591836736,"val/other_conf_label_3_pct":0,"val/other_confidence":0,"val/other_conf_label_5_pct":0,"val/n_samples":147,"val/self_conf_label_5_pct":8.843537414965986,"train/self_live_corr_pearson":0.9863905906677246,"val/self_conf_label_6_pct":14.285714285714285,"val/self_live_corr_pearson":0.8368541060729593,"val/other_conf_bin_6_60_70pct_pct":0,"val/self_conf_label_8_pct":10.884353741496598,"val/correct_dist_position_3_D_pct":23.809523809523807,"val/entropy_bin/low/rmse":0.12987961047515467,"val/calibration_corr_spearman":0.4320497667989226,"val/entropy_bin/med/pearson_neg_entropy_conf":0.40983620920880687,"val/other_conf_label_7_pct":0,"_timestamp":1.7778482261157744e+09,"val/std_entropy":0.38686642235916086,"val/self_conf_bin_7_70_80pct_pct":10.884353741496598,"val/self_conf_label_9_pct":10.204081632653061,"val/entropy_bin/med/spearman_neg_entropy_conf":0.40445941172092287,"val/other_conf_bin_0_0_10pct_pct":0,"_wandb":{"runtime":411},"val/entropy_bin/low/accuracy":0.6938775510204082,"val/other_live_corr_spearman":0,"val/self_conf_bin_1_10_20pct_pct":9.523809523809524,"val/confidence":0.518168822995254,"val/entropy_bin/med/signed_error":0.034935771698331154,"val/other_conf_bin_8_80_90pct_pct":0,"val/std_other_confidence":0,"val/pred_dist_position_3_D_pct":17.687074829931973,"train/grad_norm":10.484349250793457,"val/entropy":0.6933747210884353,"train/self_live_corr_spearman":1,"val/entropy_bin/max_abs_error_across_bins":0.1284147544920827,"val/self_frozen_corr_pearson":0.8368541060729593,"val/other_frozen_corr_pearson":0,"val/std_prerecorded_entropy":0.38686642235916086,"val/other_conf_bin_2_20_30pct_pct":0,"_step":1874,"_runtime":411,"val/correct_dist_letter_A_pct":29.25170068027211,"val/std_confidence":0.24069732931840146,"val/calibration_corr_pearson":0.4275959018948238,"val/pred_dist_position_1_B_pct":24.489795918367346,"val/entropy_bin/high/abs_error":0.1284147544920827,"val/entropy_bin/med/rmse":0.1503951204068832,"val/entropy_bin/med/abs_error":0.12193326982176056,"val/self_conf_bin_8_80_90pct_pct":10.204081632653061,"train/batch_n":4,"val/entropy_bin/low/abs_error":0.102805338157347,"val/entropy_bin/med/n":49,"val/correct_dist_position_2_C_pct":24.489795918367346,"val/other_conf_bin_4_40_50pct_pct":0,"val/self_conf_bin_5_50_60pct_pct":14.285714285714285,"val/other_conf_label_4_pct":0,"val/other_conf_bin_3_30_40pct_pct":0,"val/self_conf_label_3_pct":10.884353741496598,"val/entropy_bin/low/signed_error":-0.07837619061916463,"val/other_frozen_corr_spearman":0,"val/entropy_bin/high/pearson_neg_entropy_conf":0.4056267478899315,"val/entropy_bin/low/target_confidence":0.826667212934482,"val/other_conf_label_2_pct":0,"step":1858,"val/entropy_bin/high/n":49,"val/entropy_bin/med/accuracy":0.42857142857142855,"val/other_conf_label_1_pct":0,"val/self_conf_bin_9_90_100pct_pct":6.802721088435375,"val/other_conf_bin_9_90_100pct_pct":0,"val/entropy_bin/min_spearman_across_bins":0.3999795914462723,"val/other_conf_bin_5_50_60pct_pct":0,"val/correct_dist_letter_D_pct":23.809523809523807,"val/prerecorded_entropy":0.6933747210884353,"val/self_live_corr_spearman":0.8359622851526034,"train/loss":1.6459358930587769,"val/other_conf_label_9_pct":0,"val/self_conf_bin_4_40_50pct_pct":8.843537414965986,"val/other_conf_bin_1_10_20pct_pct":0,"val/entropy_bin/mean_abs_error_across_bins":0.11771778749039674,"val/pred_dist_letter_D_pct":17.687074829931973,"val/entropy_bin/low/n":49,"val/self_conf_label_10_pct":6.802721088435375,"val/entropy_bin/high/target_confidence":0.18429329011235704,"val/entropy_bin/med/stated_confidence":0.5234828612634114,"val/self_conf_bin_3_30_40pct_pct":11.564625850340136,"val/pred_dist_letter_C_pct":21.08843537414966,"val/entropy_bin/low/pearson_neg_entropy_conf":0.593194052246095,"val/other_conf_label_10_pct":0,"val/self_conf_label_4_pct":11.564625850340136,"val/pred_dist_position_2_C_pct":21.08843537414966,"val/other_live_corr_pearson":0,"val/self_conf_bin_6_60_70pct_pct":10.204081632653061,"val/entropy_bin/high/accuracy":0.2857142857142857,"val/self_conf_label_7_pct":10.204081632653061,"val/entropy_bin/med/target_confidence":0.4885470895650802,"val/self_conf_bin_0_0_10pct_pct":6.802721088435375,"val/self_frozen_corr_spearman":0.8359622851526034,"val/self_conf_label_1_pct":6.802721088435375,"val/correct_dist_letter_C_pct":24.489795918367346,"val/loss":2.0724865522514393,"val/self_conf_label_2_pct":9.523809523809524,"val/entropy_bin/low/spearman_neg_entropy_conf":0.6295918367346938,"val/entropy_bin/high/rmse":0.1780124656900197,"val/entropy_bin/high/stated_confidence":0.2827325854070333,"val/entropy_bin/low/stated_confidence":0.7482910223153173,"val/pred_dist_letter_B_pct":24.489795918367346,"val/other_conf_label_8_pct":0,"val/correct_dist_position_1_B_pct":22.448979591836736,"val/self_conf_bin_2_20_30pct_pct":10.884353741496598,"val/other_conf_bin_7_70_80pct_pct":0,"val/accuracy":0.46938775510204084,"val/pred_dist_letter_A_pct":36.734693877551024}