{"val/pred_dist_letter_D_pct":17.687074829931973,"val/self_conf_label_6_pct":9.523809523809524,"val/entropy_bin/med/spearman_neg_entropy_conf":0.4115516103117149,"val/other_conf_bin_8_80_90pct_pct":0,"val/entropy_bin/med/n":49,"val/pred_dist_letter_B_pct":24.489795918367346,"val/correct_dist_position_0_A_pct":29.25170068027211,"val/other_conf_label_10_pct":0,"val/confidence":0.5142348628921979,"val/other_frozen_corr_pearson":0,"val/loss":3.342008261453538,"val/entropy_bin/low/target_confidence":0.826667212934482,"val/other_conf_bin_4_40_50pct_pct":0,"val/prerecorded_entropy":0.6933747210884353,"val/entropy_bin/low/spearman_neg_entropy_conf":0.6047959183673468,"_wandb":{"runtime":490},"val/correct_dist_letter_C_pct":24.489795918367346,"val/std_confidence":0.27331721056532243,"val/other_conf_label_5_pct":0,"val/self_conf_label_10_pct":9.523809523809524,"val/n_samples":147,"val/entropy_bin/low/abs_error":0.09007691708939747,"val/entropy_bin/med/target_confidence":0.4885470895650802,"val/other_conf_label_2_pct":0,"val/pred_dist_position_2_C_pct":21.08843537414966,"val/other_conf_label_9_pct":0,"val/other_conf_label_3_pct":0,"val/entropy_bin/low/pearson_neg_entropy_conf":0.6075397318606102,"_step":2359,"val/self_conf_bin_2_20_30pct_pct":6.122448979591836,"val/self_conf_label_4_pct":10.204081632653061,"val/pred_dist_position_0_A_pct":36.734693877551024,"val/self_conf_label_8_pct":10.884353741496598,"val/self_live_corr_pearson":0.8394900062458877,"val/entropy_bin/med/accuracy":0.42857142857142855,"step":2338,"val/self_conf_bin_8_80_90pct_pct":9.523809523809524,"val/self_conf_label_2_pct":12.925170068027212,"val/correct_dist_letter_A_pct":29.25170068027211,"val/entropy_bin/med/abs_error":0.13614525735682692,"val/entropy_bin/med/signed_error":0.03147629682819435,"val/self_conf_label_5_pct":10.884353741496598,"val/entropy_bin/high/n":49,"val/calibration_corr_pearson":0.40484073392823794,"val/correct_dist_position_1_B_pct":22.448979591836736,"val/pred_dist_letter_C_pct":21.08843537414966,"val/pred_dist_position_1_B_pct":24.489795918367346,"train/batch_n":4,"val/pred_dist_position_3_D_pct":17.687074829931973,"val/self_conf_bin_6_60_70pct_pct":12.925170068027212,"val/self_conf_bin_0_0_10pct_pct":7.482993197278912,"val/self_conf_bin_1_10_20pct_pct":12.925170068027212,"val/self_conf_bin_9_90_100pct_pct":9.523809523809524,"val/correct_dist_letter_D_pct":23.809523809523807,"val/entropy_bin/low/accuracy":0.6938775510204082,"val/entropy_bin/max_abs_error_across_bins":0.13614525735682692,"val/other_conf_label_6_pct":0,"val/entropy_bin/low/stated_confidence":0.7752012665174446,"val/other_conf_label_7_pct":0,"val/other_live_corr_pearson":0,"val/other_conf_bin_2_20_30pct_pct":0,"val/other_conf_bin_5_50_60pct_pct":0,"val/other_conf_bin_9_90_100pct_pct":0,"val/self_conf_label_9_pct":9.523809523809524,"val/entropy":0.6933747210884353,"train/loss":0.8618752956390381,"val/other_conf_bin_1_10_20pct_pct":0,"val/self_conf_label_7_pct":12.925170068027212,"val/correct_dist_position_3_D_pct":23.809523809523807,"val/pred_dist_letter_A_pct":36.734693877551024,"val/entropy_bin/high/spearman_neg_entropy_conf":0.4494221509706298,"val/other_conf_label_1_pct":0,"val/self_conf_bin_7_70_80pct_pct":10.884353741496598,"val/self_conf_label_1_pct":7.482993197278912,"val/entropy_bin/low/signed_error":-0.051465946417037375,"val/self_frozen_corr_spearman":0.838642710960657,"val/entropy_bin/high/rmse":0.1795952667334335,"val/entropy_bin/med/pearson_neg_entropy_conf":0.4192837734488865,"val/self_frozen_corr_pearson":0.8394900062458877,"val/entropy_bin/med/rmse":0.16465395453038345,"train/grad_norm":161.79916381835938,"val/std_other_confidence":0,"val/self_conf_bin_4_40_50pct_pct":10.884353741496598,"val/correct_dist_letter_B_pct":22.448979591836736,"val/other_conf_bin_0_0_10pct_pct":0,"val/other_conf_label_8_pct":0,"val/calibration_corr_spearman":0.4118124914767426,"val/entropy_bin/high/signed_error":0.06318664565351761,"val/other_confidence":0,"_runtime":490,"val/entropy_bin/high/pearson_neg_entropy_conf":0.4472175942767018,"val/entropy_bin/min_spearman_across_bins":0.4115516103117149,"val/entropy_bin/med/stated_confidence":0.5200233863932746,"val/entropy_bin/mean_abs_error_across_bins":0.11854434079598891,"val/entropy_bin/high/stated_confidence":0.24747993576587463,"val/other_conf_bin_3_30_40pct_pct":0,"val/std_entropy":0.38686642235916086,"_timestamp":1.777847682116674e+09,"val/entropy_bin/low/n":49,"val/self_conf_bin_3_30_40pct_pct":10.204081632653061,"train/self_live_corr_pearson":0.9948446154594421,"val/other_frozen_corr_spearman":0,"val/accuracy":0.46938775510204084,"val/other_conf_bin_7_70_80pct_pct":0,"val/entropy_bin/low/rmse":0.12170246596150898,"val/correct_dist_position_2_C_pct":24.489795918367346,"val/entropy_bin/high/accuracy":0.2857142857142857,"val/entropy_bin/high/abs_error":0.12941084794174235,"train/self_live_corr_spearman":1,"val/other_live_corr_spearman":0,"val/other_conf_bin_6_60_70pct_pct":0,"val/self_live_corr_spearman":0.838642710960657,"val/other_conf_label_4_pct":0,"val/self_conf_label_3_pct":6.122448979591836,"val/entropy_bin/high/target_confidence":0.18429329011235704,"val/self_conf_bin_5_50_60pct_pct":9.523809523809524,"val/std_prerecorded_entropy":0.38686642235916086}