{"val_live/self_conf_label_5_pct":8.843537414965986,"val_live/other_frozen_corr_pearson":0,"val_live/other_conf_bin_7_70_80pct_pct":0,"val/calibration_corr_pearson":0.41611094427682077,"val_live/self_conf_label_1_pct":12.244897959183673,"step":9000,"val_live/entropy_bin/max_abs_error_across_bins":0.3906259541815044,"val_live/self_conf_bin_0_0_10pct_pct":12.244897959183673,"val/self_conf_label_5_pct":8.843537414965986,"val_live/other_conf_label_3_pct":0,"val/pred_dist_position_0_A_pct":36.734693877551024,"val_live/correct_dist_position_3_D_pct":23.809523809523807,"val_live/self_conf_bin_8_80_90pct_pct":4.081632653061225,"val_live/self_conf_label_9_pct":4.081632653061225,"val_live/self_frozen_corr_pearson":0.8383478993213713,"val/self_conf_bin_2_20_30pct_pct":6.802721088435375,"val_live/prerecorded_entropy":0.6933747210884353,"val_live/entropy_bin/low/stated_confidence":0.550179628056607,"val/other_frozen_corr_spearman":0,"val_live/other_conf_bin_9_90_100pct_pct":0,"val_live/entropy_bin/mean_abs_error_across_bins":0.2523539518437838,"val/entropy_bin/low/n":49,"val_live/other_conf_bin_3_30_40pct_pct":0,"_timestamp":1.7778627853777668e+09,"val_live/std_other_confidence":0,"val_live/entropy_bin/low/abs_error":0.3906259541815044,"val/self_conf_bin_5_50_60pct_pct":13.60544217687075,"val/std_prerecorded_entropy":0.38686642235916086,"train/batch_n":4,"val_live/other_conf_label_6_pct":0,"val/pred_dist_letter_A_pct":36.734693877551024,"val/entropy_bin/high/rmse":0.17301080389803436,"val/correct_dist_letter_B_pct":22.448979591836736,"val_live/other_live_corr_spearman":0,"val_live/self_live_corr_spearman":0.6862224153306659,"val_live/pred_dist_letter_D_pct":17.006802721088434,"val_live/pred_dist_position_1_B_pct":20.408163265306122,"_runtime":3424,"val_live/pred_dist_position_3_D_pct":17.006802721088434,"val_live/accuracy":0.5238095238095238,"val_live/self_conf_bin_7_70_80pct_pct":10.204081632653061,"_step":9168,"val/entropy_bin/med/stated_confidence":0.4847715107762084,"val_live/correct_dist_letter_A_pct":29.25170068027211,"val_live/self_conf_label_7_pct":12.925170068027212,"val_live/other_conf_label_7_pct":0,"val_live/self_conf_label_6_pct":13.60544217687075,"val/self_conf_bin_8_80_90pct_pct":4.081632653061225,"val_live/correct_dist_position_2_C_pct":24.489795918367346,"val/self_conf_label_10_pct":8.16326530612245,"val_live/entropy_bin/low/signed_error":-0.3892969453446287,"val/self_conf_bin_7_70_80pct_pct":10.204081632653061,"val_live/correct_dist_letter_C_pct":24.489795918367346,"val/prerecorded_entropy":0.6933747210884353,"val_live/std_confidence":0.261743319405105,"val/other_conf_label_7_pct":0,"val/self_conf_label_8_pct":10.204081632653061,"val_live/self_conf_label_3_pct":6.802721088435375,"val_live/entropy_bin/high/accuracy":0.4444444444444444,"val/pred_dist_position_1_B_pct":24.489795918367346,"val/correct_dist_position_1_B_pct":22.448979591836736,"val/pred_dist_letter_C_pct":21.08843537414966,"val/entropy_bin/med/signed_error":-0.003775578788871857,"val_live/other_live_corr_pearson":0,"val/self_frozen_corr_spearman":0.8358980607146372,"val_live/entropy_bin/high/pearson_neg_entropy_conf":0.008061831322428709,"val/other_frozen_corr_pearson":0,"val/entropy_bin/high/target_confidence":0.18429329011235704,"val/n_samples":147,"val/correct_dist_letter_C_pct":24.489795918367346,"val_live/entropy":0.24803823840861416,"val_live/entropy_bin/high/n":9,"val_live/self_conf_label_2_pct":9.523809523809524,"val/correct_dist_position_3_D_pct":23.809523809523807,"val/entropy_bin/med/rmse":0.14898623179983264,"val_live/other_conf_bin_8_80_90pct_pct":0,"val_live/self_conf_label_10_pct":8.16326530612245,"val_live/entropy_bin/high/spearman_neg_entropy_conf":0.15126584522688322,"val/self_conf_label_6_pct":13.60544217687075,"val/entropy_bin/med/abs_error":0.11585190829711084,"val/entropy_bin/low/stated_confidence":0.7403592157120608,"val/other_conf_label_5_pct":0,"val/entropy_bin/low/abs_error":0.11318663684696392,"val/correct_dist_position_2_C_pct":24.489795918367346,"val_live/other_conf_bin_0_0_10pct_pct":0,"val_live/entropy_bin/high/stated_confidence":0.17494562847746742,"val_live/other_conf_label_8_pct":0,"val_live/pred_dist_letter_A_pct":45.57823129251701,"val_live/loss":5.859432508750838,"val_live/other_frozen_corr_spearman":0,"val/entropy_bin/low/rmse":0.1418411320548212,"val/other_conf_label_1_pct":0,"val_live/entropy_bin/high/abs_error":0.13074674330425545,"val/self_conf_bin_1_10_20pct_pct":9.523809523809524,"val_live/n_samples":147,"val/calibration_corr_spearman":0.41277617125398924,"val/self_conf_label_2_pct":9.523809523809524,"val/pred_dist_position_3_D_pct":17.687074829931973,"val/other_conf_label_4_pct":0,"val_live/entropy_bin/med/spearman_neg_entropy_conf":0.5150479097375139,"val/other_conf_label_8_pct":0,"val/other_conf_label_6_pct":0,"val/self_conf_label_7_pct":12.925170068027212,"val_live/std_prerecorded_entropy":0.38686642235916086,"val_live/calibration_corr_pearson":0.33675342838146316,"val/self_conf_label_1_pct":12.244897959183673,"val_live/self_conf_bin_4_40_50pct_pct":8.843537414965986,"val_live/pred_dist_letter_B_pct":20.408163265306122,"val/correct_dist_position_0_A_pct":29.25170068027211,"val_live/confidence":0.48689164363202597,"_wandb":{"runtime":3424},"val/other_conf_bin_7_70_80pct_pct":0,"val/confidence":0.48689164363202597,"val_live/pred_dist_letter_C_pct":17.006802721088434,"val_live/entropy_bin/med/pearson_neg_entropy_conf":0.46959699408649536,"val_live/pred_dist_position_2_C_pct":17.006802721088434,"val_live/self_conf_bin_2_20_30pct_pct":6.802721088435375,"val/entropy_bin/min_spearman_across_bins":0.3793657688994814,"val/entropy_bin/med/n":49,"val/loss":2.382458063412686,"val_live/std_entropy":0.33073189206828063,"val/other_conf_bin_9_90_100pct_pct":0,"val/std_other_confidence":0,"val/self_conf_label_9_pct":4.081632653061225,"val_live/other_conf_label_10_pct":0,"val/entropy_bin/high/signed_error":0.05125091429545171,"val_live/other_conf_label_4_pct":0,"val/other_conf_bin_4_40_50pct_pct":0,"train/grad_norm":101.13235473632812,"val/other_conf_label_9_pct":0,"val_live/entropy_bin/med/rmse":0.26812303901082013,"train/loss":1.3187114000320435,"val_live/other_conf_label_9_pct":0,"val/other_conf_label_2_pct":0,"val_live/self_conf_bin_6_60_70pct_pct":12.925170068027212,"val_live/correct_dist_position_0_A_pct":29.25170068027211,"val_live/other_conf_bin_1_10_20pct_pct":0,"val/entropy_bin/med/target_confidence":0.4885470895650802,"val_live/entropy_bin/low/target_confidence":0.9394765734012359,"val_live/entropy_bin/med/target_confidence":0.5252609955968972,"val_live/self_frozen_corr_spearman":0.8358980607146372,"val/entropy_bin/high/pearson_neg_entropy_conf":0.3681484019686676,"val_live/entropy_bin/med/n":26,"val/correct_dist_letter_A_pct":29.25170068027211,"val_live/entropy_bin/min_spearman_across_bins":0.15126584522688322,"val_live/other_conf_label_5_pct":0,"val_live/other_conf_bin_4_40_50pct_pct":0,"val/entropy_bin/low/accuracy":0.6938775510204082,"val_live/other_conf_bin_6_60_70pct_pct":0,"val/entropy_bin/high/n":49,"val/other_conf_label_10_pct":0,"val_live/self_live_corr_pearson":0.577035040431528,"val/entropy_bin/low/target_confidence":0.826667212934482,"val/other_conf_label_3_pct":0,"val/entropy_bin/high/spearman_neg_entropy_conf":0.3793657688994814,"val_live/entropy_bin/low/pearson_neg_entropy_conf":0.5334468940947407,"val/other_conf_bin_8_80_90pct_pct":0,"val/std_confidence":0.261743319405105,"val_live/entropy_bin/med/stated_confidence":0.32224779289502364,"val/other_confidence":0,"val/entropy":0.6933747210884353,"val/entropy_bin/low/pearson_neg_entropy_conf":0.6230927295186498,"val/self_conf_label_3_pct":6.802721088435375,"val_live/self_conf_bin_5_50_60pct_pct":13.60544217687075,"val/other_conf_bin_0_0_10pct_pct":0,"val/pred_dist_letter_B_pct":24.489795918367346,"val_live/pred_dist_position_0_A_pct":45.57823129251701,"val_live/entropy_bin/high/signed_error":-0.027314144919867896,"val_live/correct_dist_letter_B_pct":22.448979591836736,