{"val/other_conf_bin_0_0_10pct_pct":0,"val_live/calibration_corr_spearman":0.40316107471708157,"val/other_conf_label_8_pct":0,"val/self_conf_label_4_pct":11.564625850340136,"val_live/other_conf_bin_5_50_60pct_pct":0,"val/other_conf_bin_9_90_100pct_pct":0,"train/self_live_corr_spearman":0.7999999999999999,"val_live/other_conf_bin_1_10_20pct_pct":0,"val/pred_dist_position_1_B_pct":24.489795918367346,"val/other_confidence":0,"val/n_samples":147,"val_live/self_conf_bin_0_0_10pct_pct":10.204081632653061,"val_live/entropy_bin/med/rmse":0.2891268572716257,"val/other_conf_bin_5_50_60pct_pct":0,"val_live/n_samples":147,"val/entropy_bin/med/accuracy":0.42857142857142855,"val_live/entropy_bin/med/stated_confidence":0.2890607549675873,"val/std_entropy":0.38686642235916086,"val_live/other_conf_label_2_pct":0,"val/correct_dist_position_3_D_pct":23.809523809523807,"step":3000,"val/entropy_bin/med/signed_error":-0.04784061238769384,"val_live/std_entropy":0.3234907954799361,"val/self_conf_bin_3_30_40pct_pct":11.564625850340136,"val_live/self_conf_bin_2_20_30pct_pct":9.523809523809524,"val/other_frozen_corr_pearson":0,"val/self_live_corr_pearson":0.8504767726865693,"val_live/self_conf_label_3_pct":9.523809523809524,"val/entropy_bin/low/pearson_neg_entropy_conf":0.7442006139698479,"val_live/self_conf_label_8_pct":7.482993197278912,"val_live/other_conf_bin_2_20_30pct_pct":0,"val_live/pred_dist_letter_A_pct":43.53741496598639,"val_live/entropy_bin/med/pearson_neg_entropy_conf":0.4245855294398632,"val_live/self_conf_label_10_pct":6.122448979591836,"val/other_conf_label_5_pct":0,"_wandb":{"runtime":930},"val/other_conf_label_4_pct":0,"val/entropy_bin/low/signed_error":-0.12291574378946611,"val_live/other_frozen_corr_pearson":0,"val/correct_dist_letter_A_pct":29.25170068027211,"val/pred_dist_letter_C_pct":21.08843537414966,"val_live/correct_dist_letter_B_pct":22.448979591836736,"val/other_conf_label_3_pct":0,"val_live/entropy_bin/high/stated_confidence":0.10656641636575971,"val/pred_dist_position_0_A_pct":36.734693877551024,"val_live/entropy_bin/min_spearman_across_bins":0,"val_live/other_conf_label_6_pct":0,"val_live/confidence":0.4548203656259848,"val_live/entropy_bin/low/signed_error":-0.43080171659298266,"val/confidence":0.4548203656259848,"val_live/entropy_bin/low/abs_error":0.43080171659298266,"val/entropy_bin/low/accuracy":0.6938775510204082,"train/batch_n":4,"val/other_conf_label_7_pct":0,"val/self_conf_bin_6_60_70pct_pct":13.60544217687075,"val_live/entropy_bin/high/spearman_neg_entropy_conf":0,"val/other_live_corr_spearman":0,"val/std_prerecorded_entropy":0.38686642235916086,"val_live/other_live_corr_spearman":0,"val/correct_dist_letter_C_pct":24.489795918367346,"val/self_conf_bin_0_0_10pct_pct":10.204081632653061,"val/entropy_bin/med/rmse":0.15128307502596963,"val/entropy_bin/min_spearman_across_bins":0.3537425383450434,"val/entropy_bin/med/pearson_neg_entropy_conf":0.37578153258958213,"val_live/pred_dist_letter_B_pct":21.768707482993197,"val/entropy_bin/high/signed_error":0.03570986044319525,"val/entropy_bin/low/abs_error":0.12689255994600537,"val/entropy_bin/low/rmse":0.1564777823477681,"val_live/entropy_bin/low/n":112,"val/self_conf_bin_9_90_100pct_pct":6.122448979591836,"val_live/self_conf_label_2_pct":11.564625850340136,"val/accuracy":0.46938775510204084,"val_live/entropy":0.23530457457717585,"val_live/correct_dist_position_2_C_pct":24.489795918367346,"val_live/correct_dist_letter_D_pct":23.809523809523807,"val/self_conf_bin_4_40_50pct_pct":12.244897959183673,"val_live/entropy_bin/high/accuracy":0.2857142857142857,"val_live/correct_dist_letter_C_pct":24.489795918367346,"val_live/entropy_bin/mean_abs_error_across_bins":0.2752907140177275,"val/other_conf_label_9_pct":0,"val/entropy_bin/med/n":49,"val/entropy_bin/med/target_confidence":0.4885470895650802,"val/entropy_bin/mean_abs_error_across_bins":0.11914779372841207,"val_live/entropy_bin/high/pearson_neg_entropy_conf":-0.039747903497805,"val_live/self_live_corr_pearson":0.5956257316320623,"val_live/self_conf_bin_5_50_60pct_pct":14.965986394557824,"val_live/self_conf_label_9_pct":2.7210884353741496,"val_live/other_conf_label_8_pct":0,"val/self_conf_bin_7_70_80pct_pct":7.482993197278912,"val/entropy_bin/high/pearson_neg_entropy_conf":0.4179684440610757,"_runtime":930,"val/entropy_bin/low/stated_confidence":0.7037514691450157,"val/correct_dist_position_0_A_pct":29.25170068027211,"val/other_conf_bin_3_30_40pct_pct":0,"val/correct_dist_letter_B_pct":22.448979591836736,"val/self_conf_label_9_pct":2.7210884353741496,"val/self_conf_label_5_pct":12.244897959183673,"val/self_conf_label_6_pct":14.965986394557824,"val/other_conf_label_2_pct":0,"val_live/self_conf_bin_4_40_50pct_pct":12.244897959183673,"val/pred_dist_position_3_D_pct":17.687074829931973,"val_live/other_conf_label_1_pct":0,"train/loss":0.4465436041355133,"val_live/other_conf_bin_7_70_80pct_pct":0,"val_live/correct_dist_letter_A_pct":29.25170068027211,"val_live/other_conf_label_7_pct":0,"val_live/entropy_bin/low/pearson_neg_entropy_conf":0.5536921825489778,"val/loss":3.0498930497133,"val/entropy_bin/med/stated_confidence":0.44070647717738637,"val_live/self_conf_bin_3_30_40pct_pct":11.564625850340136,"val/self_conf_label_2_pct":11.564625850340136,"val/other_conf_bin_6_60_70pct_pct":0,"val/entropy_bin/med/spearman_neg_entropy_conf":0.3537425383450434,"val_live/entropy_bin/high/abs_error":0.14639677712825985,"val/other_frozen_corr_spearman":0,"val_live/other_conf_label_5_pct":0,"val_live/self_conf_bin_6_60_70pct_pct":13.60544217687075,"val/correct_dist_letter_D_pct":23.809523809523807,"val/entropy_bin/high/accuracy":0.2857142857142857,"val_live/self_conf_bin_7_70_80pct_pct":7.482993197278912,"val_live/entropy_bin/low/rmse":0.4738508547408688,"val_live/pred_dist_position_0_A_pct":43.53741496598639,"val_live/loss":9.738160860528346,"val_live/entropy_bin/high/n":7,"val_live/entropy_bin/med/abs_error":0.24867364833193986,"_step":3057,"val/entropy_bin/low/spearman_neg_entropy_conf":0.652142857142857,"val/other_conf_bin_4_40_50pct_pct":0,"val/self_frozen_corr_spearman":0.8449310390191562,"val/std_confidence":0.24922133089642826,"val/entropy_bin/high/abs_error":0.11374061632517235,"val_live/self_conf_bin_8_80_90pct_pct":2.7210884353741496,"val_live/entropy_bin/med/accuracy":0.42857142857142855,"val_live/entropy_bin/low/target_confidence":0.9488278567123309,"val/self_conf_bin_1_10_20pct_pct":11.564625850340136,"val/other_conf_label_6_pct":0,"val_live/other_conf_label_9_pct":0,"val/self_conf_label_3_pct":9.523809523809524,"val_live/other_conf_bin_9_90_100pct_pct":0,"val_live/self_conf_label_1_pct":10.204081632653061,"val_live/other_conf_bin_8_80_90pct_pct":0,"val_live/entropy_bin/high/rmse":0.1617655846085613,"val_live/entropy_bin/low/accuracy":0.5625,"val/pred_dist_letter_A_pct":36.734693877551024,"val/other_conf_label_10_pct":0,"val_live/pred_dist_position_2_C_pct":18.367346938775512,"val_live/self_conf_label_4_pct":11.564625850340136,"val_live/other_frozen_corr_spearman":0,"val_live/other_conf_label_4_pct":0,"val/std_other_confidence":0,"val_live/entropy_bin/max_abs_error_across_bins":0.43080171659298266,"val_live/self_frozen_corr_spearman":0.8449310390191562,"val_live/other_conf_bin_3_30_40pct_pct":0,"val/self_conf_label_10_pct":6.122448979591836,"val/self_conf_bin_8_80_90pct_pct":2.7210884353741496,"val_live/entropy_bin/low/stated_confidence":0.5180261401193482,"val/correct_dist_position_1_B_pct":22.448979591836736,"val_live/self_frozen_corr_pearson":0.8504767726865693,"val/entropy_bin/max_abs_error_across_bins":0.12689255994600537,"val/entropy_bin/low/n":49,"val_live/self_conf_label_6_pct":14.965986394557824,"val/entropy_bin/high/spearman_neg_entropy_conf":0.3899788260522847,"val/entropy_bin/high/stated_confidence":0.22000315055555228,"val_live/correct_dist_position_0_A_pct":29.25170068027211,"val/self_live_corr_spearman":0.8449310390191562,"_timestamp":1.7778674342478385e+09,"val/other_conf_bin_2_20_30pct_pct":0,"val/other_conf_bin_7_70_80pct_pct":0,