{"_step":2522,"val/pred_dist_position_3_D_pct":17.687074829931973,"val/other_conf_bin_6_60_70pct_pct":0,"val/pred_dist_position_2_C_pct":21.08843537414966,"val/self_conf_label_1_pct":5.442176870748299,"val/other_conf_bin_9_90_100pct_pct":0,"val/self_live_corr_pearson":0.8483144628705077,"val/std_other_confidence":0,"val/pred_dist_position_0_A_pct":36.734693877551024,"val/accuracy":0.46938775510204084,"val/self_conf_label_10_pct":6.122448979591836,"val/correct_dist_letter_D_pct":23.809523809523807,"val/self_conf_bin_7_70_80pct_pct":9.523809523809524,"val/std_prerecorded_entropy":0.38686642235916086,"val/self_conf_label_8_pct":9.523809523809524,"val/self_conf_bin_9_90_100pct_pct":6.122448979591836,"val/self_conf_bin_6_60_70pct_pct":14.965986394557824,"val/entropy_bin/med/signed_error":0.008466520063207882,"val/self_conf_bin_0_0_10pct_pct":5.442176870748299,"val/correct_dist_position_2_C_pct":24.489795918367346,"val/correct_dist_letter_C_pct":24.489795918367346,"val/other_conf_bin_2_20_30pct_pct":0,"val/entropy_bin/mean_abs_error_across_bins":0.11602864962948654,"val/entropy_bin/high/spearman_neg_entropy_conf":0.39145853113608897,"val/correct_dist_position_3_D_pct":23.809523809523807,"val/entropy_bin/high/pearson_neg_entropy_conf":0.43123999700867943,"val/other_conf_label_1_pct":0,"step":2500,"val/other_frozen_corr_spearman":0,"val/self_conf_label_9_pct":4.761904761904762,"val/other_conf_bin_4_40_50pct_pct":0,"val/other_live_corr_spearman":0,"val/entropy_bin/low/rmse":0.13053729040752285,"val/other_conf_label_2_pct":0,"val/entropy_bin/low/pearson_neg_entropy_conf":0.7181831730037126,"val/entropy_bin/med/rmse":0.13841148356872363,"val/std_confidence":0.24038948550348888,"val/other_conf_label_3_pct":0,"val/pred_dist_letter_A_pct":36.734693877551024,"val/entropy_bin/low/n":49,"val/other_conf_bin_1_10_20pct_pct":0,"val/entropy_bin/low/spearman_neg_entropy_conf":0.6655102040816326,"val/entropy_bin/high/stated_confidence":0.2691125068433431,"val/self_live_corr_spearman":0.8426510714713614,"val/self_conf_label_2_pct":8.843537414965986,"val/entropy_bin/high/rmse":0.17130133054504226,"_runtime":516,"val/loss":2.2751258901592823,"val/self_conf_bin_8_80_90pct_pct":4.761904761904762,"val/entropy_bin/med/n":49,"val/other_conf_bin_8_80_90pct_pct":0,"val/other_conf_label_6_pct":0,"train/batch_n":4,"val/self_conf_bin_1_10_20pct_pct":8.843537414965986,"val/self_frozen_corr_pearson":0.8483144628705077,"val/entropy_bin/max_abs_error_across_bins":0.12798864375850122,"val/confidence":0.49963509291410446,"val/entropy_bin/med/spearman_neg_entropy_conf":0.39078524465378434,"val/entropy_bin/low/signed_error":-0.09388805066379971,"val/correct_dist_letter_A_pct":29.25170068027211,"train/loss":1.371076226234436,"val/self_conf_bin_4_40_50pct_pct":9.523809523809524,"val/self_conf_label_3_pct":11.564625850340136,"val/correct_dist_letter_B_pct":22.448979591836736,"val/calibration_corr_spearman":0.40313937348152257,"val/self_conf_label_6_pct":14.965986394557824,"val/other_live_corr_pearson":0,"val/other_conf_label_7_pct":0,"val/entropy_bin/high/signed_error":0.08481921673098605,"val/self_frozen_corr_spearman":0.8426510714713614,"val/other_conf_label_8_pct":0,"_wandb":{"runtime":516},"val/pred_dist_letter_D_pct":17.687074829931973,"val/entropy_bin/med/pearson_neg_entropy_conf":0.4416662953457065,"val/std_entropy":0.38686642235916086,"val/entropy_bin/low/target_confidence":0.826667212934482,"val/n_samples":147,"val/entropy_bin/med/abs_error":0.11368656203059384,"val/self_conf_label_4_pct":14.285714285714285,"val/correct_dist_position_0_A_pct":29.25170068027211,"_timestamp":1.777849461159758e+09,"val/entropy_bin/high/target_confidence":0.18429329011235704,"val/entropy_bin/high/accuracy":0.2857142857142857,"val/prerecorded_entropy":0.6933747210884353,"val/pred_dist_letter_B_pct":24.489795918367346,"val/entropy_bin/med/accuracy":0.42857142857142855,"val/entropy_bin/med/target_confidence":0.4885470895650802,"val/other_confidence":0,"val/correct_dist_position_1_B_pct":22.448979591836736,"val/entropy_bin/med/stated_confidence":0.4970136096282881,"val/entropy_bin/low/stated_confidence":0.7327791622706822,"val/self_conf_label_7_pct":14.965986394557824,"val/other_frozen_corr_pearson":0,"val/pred_dist_letter_C_pct":21.08843537414966,"val/self_conf_bin_5_50_60pct_pct":14.965986394557824,"train/self_live_corr_pearson":0.9850566983222961,"val/entropy_bin/high/n":49,"val/self_conf_label_5_pct":9.523809523809524,"val/other_conf_bin_7_70_80pct_pct":0,"val/entropy":0.6933747210884353,"val/other_conf_label_4_pct":0,"val/self_conf_bin_3_30_40pct_pct":14.285714285714285,"val/other_conf_bin_3_30_40pct_pct":0,"val/entropy_bin/min_spearman_across_bins":0.39078524465378434,"val/other_conf_label_9_pct":0,"val/entropy_bin/low/abs_error":0.10641074309936456,"val/entropy_bin/low/accuracy":0.6938775510204082,"train/self_live_corr_spearman":1,"val/other_conf_label_10_pct":0,"val/entropy_bin/high/abs_error":0.12798864375850122,"val/self_conf_bin_2_20_30pct_pct":11.564625850340136,"val/other_conf_bin_5_50_60pct_pct":0,"train/grad_norm":109.60444641113281,"val/other_conf_label_5_pct":0,"val/calibration_corr_pearson":0.4083936924870762,"val/pred_dist_position_1_B_pct":24.489795918367346,"val/other_conf_bin_0_0_10pct_pct":0}