{
  "question_type": "mcq",
  "num_train": 800,
  "num_test": 200,
  "logit_margin_probes": {
    "0": {
      "r2_test": -63.026426056026736,
      "r2_train": 0.9942766981027813,
      "mse_test": 433.75980359144177,
      "mae_test": 9.099364296793938,
      "rmse_test": 20.82690095985098
    },
    "1": {
      "r2_test": -27.10366424562546,
      "r2_train": 0.9968671424030844,
      "mse_test": 190.393883186845,
      "mae_test": 7.022010843157768,
      "rmse_test": 13.798328999804468
    },
    "2": {
      "r2_test": -19.63369656803098,
      "r2_train": 0.9970784745972194,
      "mse_test": 139.78709607940178,
      "mae_test": 6.418271473050117,
      "rmse_test": 11.823159310412839
    },
    "3": {
      "r2_test": -9.233813067256087,
      "r2_train": 0.997216102113727,
      "mse_test": 69.33100938915659,
      "mae_test": 4.874256224632263,
      "rmse_test": 8.326524448361189
    },
    "4": {
      "r2_test": -7.499377542954356,
      "r2_train": 0.9972528677581379,
      "mse_test": 57.580729720183534,
      "mae_test": 4.681426025629044,
      "rmse_test": 7.588196737050479
    },
    "5": {
      "r2_test": -7.820663238225844,
      "r2_train": 0.9972031675118042,
      "mse_test": 59.757343794437055,
      "mae_test": 4.5058278048038485,
      "rmse_test": 7.73028743284731
    },
    "6": {
      "r2_test": -8.281836309731519,
      "r2_train": 0.9972295220409593,
      "mse_test": 62.88165282182083,
      "mae_test": 4.7895945239067075,
      "rmse_test": 7.929795257244718
    },
    "7": {
      "r2_test": -6.043587048379177,
      "r2_train": 0.9972225800014969,
      "mse_test": 47.71818642525322,
      "mae_test": 4.513954198360443,
      "rmse_test": 6.907835147515698
    },
    "8": {
      "r2_test": -5.28337852734741,
      "r2_train": 0.9972326686528664,
      "mse_test": 42.56800205477577,
      "mae_test": 4.396959604024887,
      "rmse_test": 6.524415840117471
    },
    "9": {
      "r2_test": -4.567632256283044,
      "r2_train": 0.9972648169221299,
      "mse_test": 37.719036071784394,
      "mae_test": 4.108026019334793,
      "rmse_test": 6.141582538058444
    },
    "10": {
      "r2_test": -2.6506218248613673,
      "r2_train": 0.9972766717682001,
      "mse_test": 24.731866250864158,
      "mae_test": 3.5828652423620224,
      "rmse_test": 4.973114341221621
    },
    "11": {
      "r2_test": -2.070121923283603,
      "r2_train": 0.997287944653743,
      "mse_test": 20.79915379440305,
      "mae_test": 3.3174384289979937,
      "rmse_test": 4.5606089280273805
    },
    "12": {
      "r2_test": -3.2597589668602085,
      "r2_train": 0.9973003932849119,
      "mse_test": 28.858587408819513,
      "mae_test": 3.841615874171257,
      "rmse_test": 5.372018932284166
    },
    "13": {
      "r2_test": -2.065871689159292,
      "r2_train": 0.9972981503174327,
      "mse_test": 20.77035973494133,
      "mae_test": 3.193221848607063,
      "rmse_test": 4.557451012895402
    },
    "14": {
      "r2_test": -1.5778211798304782,
      "r2_train": 0.9973148184760445,
      "mse_test": 17.463964140036143,
      "mae_test": 3.035413609147072,
      "rmse_test": 4.178990804014307
    },
    "15": {
      "r2_test": -0.7644071902759557,
      "r2_train": 0.9973170786900932,
      "mse_test": 11.95332870274096,
      "mae_test": 2.5475582706928255,
      "rmse_test": 3.457358630911893
    },
    "16": {
      "r2_test": -0.7407033795045159,
      "r2_train": 0.9973191698803473,
      "mse_test": 11.79274250516699,
      "mae_test": 2.5804598194360735,
      "rmse_test": 3.434056275771699
    },
    "17": {
      "r2_test": -1.2404611905206488,
      "r2_train": 0.9973153278504946,
      "mse_test": 15.17845155224009,
      "mae_test": 2.8258207750320437,
      "rmse_test": 3.8959532276761344
    },
    "18": {
      "r2_test": -1.2569988069999867,
      "r2_train": 0.9973009381001208,
      "mse_test": 15.290488936142653,
      "mae_test": 2.6624247658252718,
      "rmse_test": 3.910305478622182
    },
    "19": {
      "r2_test": -2.1594040029824,
      "r2_train": 0.997302981188235,
      "mse_test": 21.404013064862678,
      "mae_test": 3.164063425064087,
      "rmse_test": 4.626447131964514
    },
    "20": {
      "r2_test": -2.353970156780964,
      "r2_train": 0.9973032917138968,
      "mse_test": 22.722140310999407,
      "mae_test": 3.098346481323242,
      "rmse_test": 4.766774623474389
    },
    "21": {
      "r2_test": -2.3724782387768566,
      "r2_train": 0.9973139257473448,
      "mse_test": 22.847527006867264,
      "mae_test": 3.2790994650125502,
      "rmse_test": 4.779908681854421
    },
    "22": {
      "r2_test": -2.064853847349785,
      "r2_train": 0.9973127515916738,
      "mse_test": 20.763464162432054,
      "mae_test": 3.1151559418439865,
      "rmse_test": 4.556694433735057
    },
    "23": {
      "r2_test": -2.4108282864270247,
      "r2_train": 0.9973171767821204,
      "mse_test": 23.107337059702367,
      "mae_test": 3.220654121041298,
      "rmse_test": 4.807009159519292
    },
    "24": {
      "r2_test": -1.8720760309056388,
      "r2_train": 0.9973179745603684,
      "mse_test": 19.457452364671735,
      "mae_test": 2.9574881267547606,
      "rmse_test": 4.411060231358412
    },
    "25": {
      "r2_test": -2.4041737906784237,
      "r2_train": 0.9973226338592023,
      "mse_test": 23.06225484995373,
      "mae_test": 3.1209258848428725,
      "rmse_test": 4.802317654003505
    },
    "26": {
      "r2_test": -1.6507300376005083,
      "r2_train": 0.9973267930028653,
      "mse_test": 17.957899750290746,
      "mae_test": 2.9334271287918092,
      "rmse_test": 4.237676220558945
    },
    "27": {
      "r2_test": -2.0757268273171388,
      "r2_train": 0.9973249749473815,
      "mse_test": 20.83712533556963,
      "mae_test": 3.159206094145775,
      "rmse_test": 4.564770020008635
    },
    "28": {
      "r2_test": -1.420941101869949,
      "r2_train": 0.9973294596759553,
      "mse_test": 16.401148737158227,
      "mae_test": 2.816758115887642,
      "rmse_test": 4.049833173991026
    },
    "29": {
      "r2_test": -1.7240058693691585,
      "r2_train": 0.9973279233681438,
      "mse_test": 18.454321499150446,
      "mae_test": 2.9084442257881165,
      "rmse_test": 4.295849333851275
    },
    "30": {
      "r2_test": -1.0925516576218346,
      "r2_train": 0.9973295080006744,
      "mse_test": 14.176408897487654,
      "mae_test": 2.653303602337837,
      "rmse_test": 3.765157220819292
    },
    "31": {
      "r2_test": -0.8699486333643203,
      "r2_train": 0.9973226249920818,
      "mse_test": 12.668340276004578,
      "mae_test": 2.5186725670099257,
      "rmse_test": 3.559261198058465
    }
  },
  "logit_margin_emergence_layer_mse": null,
  "logit_margin_emergence_layer": null
}