{"val/other_conf_label_1_pct":0,"val/std_other_confidence":0,"val/other_frozen_corr_pearson":0,"val/entropy_bin/high/spearman_neg_entropy_conf":0.38451922453617915,"val/pred_dist_position_2_C_pct":21.08843537414966,"val/entropy_bin/med/pearson_neg_entropy_conf":0.3425015894439322,"val/other_conf_label_9_pct":0,"val/entropy_bin/low/accuracy":0.6938775510204082,"val/correct_dist_letter_C_pct":24.489795918367346,"val/pred_dist_letter_A_pct":36.734693877551024,"val/pred_dist_position_1_B_pct":24.489795918367346,"val/other_conf_label_10_pct":0,"val/other_live_corr_pearson":0,"val/self_conf_label_10_pct":4.081632653061225,"val/entropy_bin/low/rmse":0.16014321749530522,"val/entropy_bin/med/rmse":0.13624570216235965,"val/entropy_bin/med/stated_confidence":0.4869771581523272,"val/entropy_bin/max_abs_error_across_bins":0.13726983000236717,"val/other_conf_label_5_pct":0,"train/self_live_corr_pearson":0.9956825375556946,"val/other_conf_bin_6_60_70pct_pct":0,"val/entropy_bin/low/abs_error":0.13726983000236717,"val/other_conf_label_7_pct":0,"val/other_conf_label_4_pct":0,"train/grad_norm":9.862435340881348,"val/self_frozen_corr_pearson":0.833807034202187,"val/entropy_bin/high/pearson_neg_entropy_conf":0.40690981392508746,"val/confidence":0.48002895190804995,"val/self_conf_bin_6_60_70pct_pct":14.965986394557824,"val/entropy_bin/high/n":49,"val/self_conf_bin_5_50_60pct_pct":10.884353741496598,"val/calibration_corr_spearman":0.425946461543027,"val/std_prerecorded_entropy":0.38686642235916086,"val/n_samples":147,"val/other_conf_bin_5_50_60pct_pct":0,"val/self_conf_bin_4_40_50pct_pct":19.047619047619047,"val/other_conf_bin_4_40_50pct_pct":0,"_wandb":{"runtime":521},"val/std_confidence":0.2322012383787744,"val/entropy_bin/low/spearman_neg_entropy_conf":0.6440816326530612,"val/entropy_bin/high/target_confidence":0.18429329011235704,"val/self_conf_label_9_pct":6.122448979591836,"val/other_conf_label_8_pct":0,"val/entropy_bin/high/stated_confidence":0.2549501415722224,"val/correct_dist_position_1_B_pct":22.448979591836736,"val/self_live_corr_pearson":0.833807034202187,"val/entropy_bin/low/stated_confidence":0.6981595559996001,"_runtime":521,"val/entropy_bin/low/n":49,"val/entropy_bin/med/n":49,"val/other_conf_bin_8_80_90pct_pct":0,"val/other_conf_bin_2_20_30pct_pct":0,"val/self_conf_label_3_pct":4.761904761904762,"val/self_conf_bin_3_30_40pct_pct":12.244897959183673,"train/batch_n":4,"val/entropy":0.6933747210884353,"val/self_conf_label_7_pct":14.965986394557824,"val/correct_dist_letter_D_pct":23.809523809523807,"val/entropy_bin/min_spearman_across_bins":0.3344048170075601,"val/entropy_bin/med/abs_error":0.10604345052359239,"val/entropy_bin/med/spearman_neg_entropy_conf":0.3344048170075601,"val/pred_dist_position_0_A_pct":36.734693877551024,"val/self_conf_bin_9_90_100pct_pct":4.081632653061225,"val/entropy_bin/med/target_confidence":0.4885470895650802,"val/entropy_bin/low/target_confidence":0.826667212934482,"val/entropy_bin/high/rmse":0.16784508076951374,"val/calibration_corr_pearson":0.4158561704991081,"val/pred_dist_letter_D_pct":17.687074829931973,"val/accuracy":0.46938775510204084,"val/self_conf_bin_0_0_10pct_pct":6.802721088435375,"train/loss":1.050479531288147,"val/entropy_bin/low/pearson_neg_entropy_conf":0.7186064964671972,"val/other_frozen_corr_spearman":0,"val/entropy_bin/med/accuracy":0.42857142857142855,"val/other_conf_label_3_pct":0,"val/correct_dist_position_0_A_pct":29.25170068027211,"val/other_confidence":0,"val/other_conf_bin_1_10_20pct_pct":0,"val/correct_dist_position_2_C_pct":24.489795918367346,"val/entropy_bin/mean_abs_error_across_bins":0.12249134764505075,"val/std_entropy":0.38686642235916086,"val/pred_dist_letter_B_pct":24.489795918367346,"_timestamp":1.7778569812077124e+09,"val/correct_dist_letter_B_pct":22.448979591836736,"val/other_conf_bin_9_90_100pct_pct":0,"val/pred_dist_letter_C_pct":21.08843537414966,"_step":2522,"val/other_conf_label_2_pct":0,"val/loss":2.2864905508602558,"val/entropy_bin/high/signed_error":0.0706568514598654,"val/self_conf_bin_8_80_90pct_pct":6.122448979591836,"train/self_live_corr_spearman":1,"val/self_conf_label_2_pct":12.925170068027212,"val/other_conf_bin_7_70_80pct_pct":0,"val/self_frozen_corr_spearman":0.8360321764527429,"val/entropy_bin/med/signed_error":-0.0015699314127529855,"val/self_conf_label_8_pct":8.16326530612245,"val/self_conf_label_4_pct":12.244897959183673,"val/other_conf_bin_3_30_40pct_pct":0,"val/entropy_bin/low/signed_error":-0.12850765693488175,"val/correct_dist_letter_A_pct":29.25170068027211,"val/other_conf_bin_0_0_10pct_pct":0,"val/prerecorded_entropy":0.6933747210884353,"val/pred_dist_position_3_D_pct":17.687074829931973,"val/self_live_corr_spearman":0.8360321764527429,"val/other_live_corr_spearman":0,"val/self_conf_label_5_pct":19.047619047619047,"val/entropy_bin/high/accuracy":0.2857142857142857,"val/self_conf_bin_7_70_80pct_pct":8.16326530612245,"val/self_conf_label_6_pct":10.884353741496598,"val/self_conf_label_1_pct":6.802721088435375,"val/entropy_bin/high/abs_error":0.12416076240919267,"val/correct_dist_position_3_D_pct":23.809523809523807,"val/other_conf_label_6_pct":0,"val/self_conf_bin_1_10_20pct_pct":12.925170068027212,"val/self_conf_bin_2_20_30pct_pct":4.761904761904762,"step":2500}