{"val/correct_dist_position_2_C_pct":24.489795918367346,"val/confidence":0.520965156050361,"val/pred_dist_position_2_C_pct":21.08843537414966,"val/calibration_corr_pearson":0.3499565601323787,"val/other_conf_bin_4_40_50pct_pct":0,"val/std_entropy":0.38686642235916086,"train/self_live_corr_spearman":0.7999999999999999,"val/correct_dist_letter_B_pct":22.448979591836736,"val/self_conf_bin_7_70_80pct_pct":7.482993197278912,"val/other_conf_bin_5_50_60pct_pct":0,"val/other_conf_bin_2_20_30pct_pct":0,"val/n_samples":147,"val/other_conf_label_5_pct":0,"train/self_live_corr_pearson":0.7300805449485779,"val/correct_dist_position_3_D_pct":23.809523809523807,"val/other_confidence":0,"val/other_conf_bin_9_90_100pct_pct":0,"val/prerecorded_entropy":0.6933747210884353,"val/other_conf_label_9_pct":0,"val/correct_dist_letter_D_pct":23.809523809523807,"val/pred_dist_letter_C_pct":21.08843537414966,"val/correct_dist_letter_A_pct":29.25170068027211,"val/self_conf_bin_5_50_60pct_pct":12.925170068027212,"val/self_conf_bin_0_0_10pct_pct":8.843537414965986,"val/self_conf_label_9_pct":8.16326530612245,"val/self_conf_label_1_pct":8.843537414965986,"train/grad_norm":NaN,"_wandb":{"runtime":305},"val/other_conf_bin_8_80_90pct_pct":0,"val/other_conf_label_2_pct":0,"val/pred_dist_letter_D_pct":17.687074829931973,"val/other_live_corr_pearson":0,"val/self_conf_bin_3_30_40pct_pct":17.006802721088434,"val/loss":1.9908495464292513,"val/correct_dist_position_1_B_pct":22.448979591836736,"val/self_live_corr_pearson":0.7895401109448613,"val/self_conf_label_3_pct":2.7210884353741496,"val/other_conf_bin_7_70_80pct_pct":0,"val/self_frozen_corr_spearman":0.7828581197249705,"_runtime":305,"val/other_live_corr_spearman":0,"val/entropy":0.6933747210884353,"step":440,"val/self_conf_bin_9_90_100pct_pct":8.843537414965986,"train/loss":1.585839033126831,"val/self_conf_bin_2_20_30pct_pct":2.7210884353741496,"val/self_conf_label_2_pct":14.285714285714285,"val/std_other_confidence":0,"val/other_conf_bin_3_30_40pct_pct":0,"val/self_frozen_corr_pearson":0.7895401109448613,"val/self_conf_bin_8_80_90pct_pct":8.16326530612245,"val/self_conf_label_10_pct":8.843537414965986,"val/other_frozen_corr_pearson":0,"val/correct_dist_letter_C_pct":24.489795918367346,"val/other_conf_label_8_pct":0,"val/other_conf_bin_6_60_70pct_pct":0,"val/pred_dist_position_1_B_pct":24.489795918367346,"val/other_conf_label_7_pct":0,"val/other_conf_bin_0_0_10pct_pct":0,"val/calibration_corr_spearman":0.3498157591405403,"val/other_conf_bin_1_10_20pct_pct":0,"val/self_conf_label_4_pct":17.006802721088434,"val/self_conf_label_5_pct":5.442176870748299,"val/self_live_corr_spearman":0.7828581197249705,"val/self_conf_label_6_pct":12.925170068027212,"_timestamp":1.7778436752832813e+09,"val/other_conf_label_10_pct":0,"val/self_conf_label_8_pct":7.482993197278912,"val/other_conf_label_4_pct":0,"val/other_conf_label_1_pct":0,"val/self_conf_bin_6_60_70pct_pct":14.285714285714285,"val/std_prerecorded_entropy":0.38686642235916086,"val/std_confidence":0.22650140281267003,"_step":445,"val/pred_dist_letter_B_pct":24.489795918367346,"val/accuracy":0.46938775510204084,"val/other_frozen_corr_spearman":0,"val/self_conf_bin_4_40_50pct_pct":5.442176870748299,"val/self_conf_bin_1_10_20pct_pct":14.285714285714285,"val/self_conf_label_7_pct":14.285714285714285,"val/other_conf_label_6_pct":0,"val/pred_dist_position_3_D_pct":17.687074829931973,"train/batch_n":4,"val/correct_dist_position_0_A_pct":29.25170068027211,"val/other_conf_label_3_pct":0,"val/pred_dist_position_0_A_pct":36.734693877551024,"val/pred_dist_letter_A_pct":36.734693877551024}