{"val/self_conf_label_6_pct":13.60544217687075,"val/self_conf_bin_2_20_30pct_pct":2.7210884353741496,"val/other_live_corr_pearson":0,"val/correct_dist_position_3_D_pct":23.809523809523807,"val/self_conf_label_9_pct":10.204081632653061,"val/self_conf_label_7_pct":9.523809523809524,"val/other_conf_label_4_pct":0,"val/correct_dist_letter_C_pct":24.489795918367346,"val/other_conf_bin_3_30_40pct_pct":0,"val/self_frozen_corr_spearman":0.7272152000436212,"val/self_conf_label_1_pct":12.925170068027212,"val/calibration_corr_pearson":0.3181574134040471,"val/entropy_bin/med/stated_confidence":0.46717108816516645,"val/loss":1.989234756450264,"val/entropy_bin/low/signed_error":-0.16593759909511832,"val/std_other_confidence":0,"val/other_live_corr_spearman":0,"_runtime":521,"val/pred_dist_letter_C_pct":21.08843537414966,"val/std_confidence":0.21281465035161046,"val/std_prerecorded_entropy":0.38686642235916086,"val/entropy_bin/med/abs_error":0.13120166717293413,"val/other_conf_label_2_pct":0,"val/pred_dist_letter_D_pct":17.687074829931973,"val/entropy_bin/med/signed_error":-0.021376001399913806,"val/correct_dist_letter_D_pct":23.809523809523807,"val/entropy_bin/low/rmse":0.20607801268660839,"val/entropy_bin/max_abs_error_across_bins":0.1726419194053644,"val/other_conf_label_7_pct":0,"train/self_live_corr_pearson":0.9118025898933411,"train/self_live_corr_spearman":1,"val/correct_dist_letter_B_pct":22.448979591836736,"val/entropy_bin/high/signed_error":0.12127796217772639,"val/self_conf_label_3_pct":2.7210884353741496,"val/pred_dist_position_2_C_pct":21.08843537414966,"val/entropy_bin/low/accuracy":0.6938775510204082,"val/self_live_corr_pearson":0.7345567535053593,"val/correct_dist_letter_A_pct":29.25170068027211,"val/self_conf_bin_9_90_100pct_pct":6.802721088435375,"val/other_conf_bin_8_80_90pct_pct":0,"val/confidence":0.47782398476487115,"val/other_conf_bin_0_0_10pct_pct":0,"val/self_conf_bin_6_60_70pct_pct":9.523809523809524,"_wandb":{"runtime":521},"_timestamp":1.7778577474664674e+09,"val/self_conf_bin_3_30_40pct_pct":15.646258503401361,"val/calibration_corr_spearman":0.3064501691644403,"val/other_conf_bin_7_70_80pct_pct":0,"val/entropy_bin/low/pearson_neg_entropy_conf":0.6322424228282437,"val/pred_dist_letter_A_pct":36.734693877551024,"val/entropy_bin/low/target_confidence":0.826667212934482,"val/accuracy":0.46938775510204084,"val/self_conf_label_2_pct":22.448979591836736,"val/correct_dist_position_1_B_pct":22.448979591836736,"val/entropy_bin/med/n":49,"val/entropy_bin/med/pearson_neg_entropy_conf":0.25038625595796715,"val/other_conf_bin_1_10_20pct_pct":0,"val/pred_dist_position_0_A_pct":36.734693877551024,"val/entropy_bin/high/pearson_neg_entropy_conf":0.22432886006829156,"val/entropy_bin/high/target_confidence":0.18429329011235704,"val/correct_dist_position_2_C_pct":24.489795918367346,"train/grad_norm":43.360687255859375,"val/self_conf_label_8_pct":4.081632653061225,"val/other_conf_label_9_pct":0,"val/other_conf_label_3_pct":0,"val/other_conf_bin_2_20_30pct_pct":0,"val/self_conf_bin_8_80_90pct_pct":10.204081632653061,"val/other_conf_label_10_pct":0,"_step":2522,"val/entropy_bin/low/spearman_neg_entropy_conf":0.565204081632653,"val/entropy_bin/med/rmse":0.1629310400472606,"step":2500,"val/other_conf_label_5_pct":0,"val/self_conf_label_10_pct":6.802721088435375,"val/self_conf_label_5_pct":2.0408163265306123,"val/prerecorded_entropy":0.6933747210884353,"val/other_frozen_corr_spearman":0,"val/self_conf_bin_1_10_20pct_pct":22.448979591836736,"val/self_frozen_corr_pearson":0.7345567535053593,"train/loss":1.7730027437210083,"val/entropy_bin/med/spearman_neg_entropy_conf":0.21822541994832687,"val/other_conf_bin_6_60_70pct_pct":0,"val/entropy_bin/high/n":49,"val/entropy_bin/low/abs_error":0.1726419194053644,"val/other_confidence":0,"val/entropy_bin/high/abs_error":0.14761465771305105,"val/pred_dist_letter_B_pct":24.489795918367346,"val/self_conf_bin_7_70_80pct_pct":4.081632653061225,"val/entropy_bin/med/accuracy":0.42857142857142855,"val/self_conf_bin_4_40_50pct_pct":2.0408163265306123,"val/other_conf_bin_5_50_60pct_pct":0,"val/self_live_corr_spearman":0.7272152000436212,"val/entropy_bin/high/stated_confidence":0.3055712522900834,"val/self_conf_bin_0_0_10pct_pct":12.925170068027212,"val/entropy_bin/med/target_confidence":0.4885470895650802,"val/entropy_bin/low/stated_confidence":0.6607296138393636,"val/entropy_bin/low/n":49,"val/other_frozen_corr_pearson":0,"val/correct_dist_position_0_A_pct":29.25170068027211,"val/pred_dist_position_3_D_pct":17.687074829931973,"val/self_conf_bin_5_50_60pct_pct":13.60544217687075,"val/entropy_bin/min_spearman_across_bins":0.1669515529037126,"val/other_conf_label_1_pct":0,"val/other_conf_bin_4_40_50pct_pct":0,"val/std_entropy":0.38686642235916086,"val/pred_dist_position_1_B_pct":24.489795918367346,"val/self_conf_label_4_pct":15.646258503401361,"val/entropy_bin/high/accuracy":0.2857142857142857,"val/entropy_bin/high/rmse":0.20048184078596343,"val/other_conf_label_8_pct":0,"val/n_samples":147,"val/entropy_bin/mean_abs_error_across_bins":0.15048608143044986,"val/other_conf_label_6_pct":0,"train/batch_n":4,"val/other_conf_bin_9_90_100pct_pct":0,"val/entropy_bin/high/spearman_neg_entropy_conf":0.1669515529037126,"val/entropy":0.6933747210884353}