{"val/self_conf_label_7_pct":10.884353741496598,"val/prerecorded_entropy":0.6933747210884353,"val/self_frozen_corr_pearson":0.8438542810898119,"val/self_conf_label_4_pct":10.884353741496598,"val/other_frozen_corr_pearson":0,"val/self_live_corr_spearman":0.8423941737194973,"val/correct_dist_letter_D_pct":23.809523809523807,"val/other_live_corr_pearson":0,"val/other_conf_bin_5_50_60pct_pct":0,"val/other_conf_label_6_pct":0,"val/other_conf_bin_9_90_100pct_pct":0,"val/other_frozen_corr_spearman":0,"train/loss":1.4374630451202393,"val/other_conf_label_2_pct":0,"val/other_conf_label_10_pct":0,"val/correct_dist_letter_A_pct":29.25170068027211,"val/other_conf_bin_4_40_50pct_pct":0,"val/other_conf_bin_2_20_30pct_pct":0,"val/other_conf_label_3_pct":0,"val/other_conf_label_1_pct":0,"val/self_conf_label_9_pct":6.122448979591836,"val/self_conf_label_6_pct":12.925170068027212,"_runtime":479,"val/other_conf_label_8_pct":0,"val/correct_dist_letter_B_pct":22.448979591836736,"val/other_conf_bin_8_80_90pct_pct":0,"val/pred_dist_position_0_A_pct":36.734693877551024,"val/other_conf_bin_1_10_20pct_pct":0,"val/loss":2.12340366029415,"val/correct_dist_position_3_D_pct":23.809523809523807,"val/self_live_corr_pearson":0.8438542810898119,"_wandb":{"runtime":479},"train/self_live_corr_spearman":0.7999999999999999,"val/n_samples":147,"val/self_conf_bin_4_40_50pct_pct":10.204081632653061,"val/other_live_corr_spearman":0,"val/self_conf_label_8_pct":10.884353741496598,"val/self_conf_bin_1_10_20pct_pct":12.925170068027212,"val/self_conf_label_10_pct":6.802721088435375,"val/self_conf_bin_2_20_30pct_pct":8.16326530612245,"val/pred_dist_position_2_C_pct":21.08843537414966,"val/self_conf_bin_3_30_40pct_pct":10.884353741496598,"val/self_conf_bin_9_90_100pct_pct":6.802721088435375,"val/pred_dist_letter_B_pct":24.489795918367346,"val/other_conf_label_5_pct":0,"val/correct_dist_letter_C_pct":24.489795918367346,"val/self_conf_bin_5_50_60pct_pct":12.925170068027212,"val/self_frozen_corr_spearman":0.8423941737194973,"train/batch_n":4,"val/pred_dist_position_1_B_pct":24.489795918367346,"val/pred_dist_letter_A_pct":36.734693877551024,"val/pred_dist_position_3_D_pct":17.687074829931973,"val/self_conf_label_2_pct":12.925170068027212,"step":2255,"val/confidence":0.48868529290771806,"val/correct_dist_position_2_C_pct":24.489795918367346,"val/accuracy":0.46938775510204084,"val/entropy":0.6933747210884353,"val/correct_dist_position_1_B_pct":22.448979591836736,"val/self_conf_bin_0_0_10pct_pct":10.204081632653061,"val/correct_dist_position_0_A_pct":29.25170068027211,"val/other_conf_bin_6_60_70pct_pct":0,"train/self_live_corr_pearson":0.927921712398529,"val/other_conf_label_9_pct":0,"val/self_conf_bin_6_60_70pct_pct":10.884353741496598,"val/std_entropy":0.38686642235916086,"val/pred_dist_letter_C_pct":21.08843537414966,"val/self_conf_bin_8_80_90pct_pct":6.122448979591836,"_step":2275,"val/std_confidence":0.254227867561261,"val/self_conf_label_3_pct":8.16326530612245,"val/other_conf_label_4_pct":0,"val/self_conf_bin_7_70_80pct_pct":10.884353741496598,"val/other_conf_bin_7_70_80pct_pct":0,"val/self_conf_label_1_pct":10.204081632653061,"val/calibration_corr_spearman":0.43461957953824704,"val/std_other_confidence":0,"_timestamp":1.777845926203434e+09,"val/self_conf_label_5_pct":10.204081632653061,"val/pred_dist_letter_D_pct":17.687074829931973,"val/other_conf_bin_0_0_10pct_pct":0,"val/other_confidence":0,"val/other_conf_label_7_pct":0,"val/std_prerecorded_entropy":0.38686642235916086,"train/grad_norm":46.054443359375,"val/other_conf_bin_3_30_40pct_pct":0,"val/calibration_corr_pearson":0.4351317092860413}